ID,Parent_ID,Title,Description,Source_Doc,Verification_Method,Status,Created_Date,Modified_Date,System_Scope,Business_Value,Risk_Level,Owner,Dependencies,Test_ID,Implementation_Status
TRC-PRD-1,,Requirements Traceability System for FY.WB.Midway Logistics Platform,Comprehensive traceability system to track and manage requirements across the four integrated logistics systems,Product Requirements Document,Business Review,Draft,2024-01-15,2024-01-15,Cross-System,High,Medium,Product Manager,,TRC-TEST-001,Not Started
TRC-PRD-1.1,TRC-PRD-1,Cross-System Requirements Visibility,Provide complete visibility into requirements across all four logistics systems,Product Requirements Document,Metrics Analysis,Draft,2024-01-15,2024-01-15,Cross-System,High,Medium,Product Manager,TRC-PRD-1,TRC-TEST-002,Not Started
TRC-PRD-1.2,TRC-PRD-1,Multi-System Impact Analysis,Enable rapid assessment of change impacts across integrated logistics systems,Product Requirements Document,Performance Testing,Draft,2024-01-15,2024-01-15,Cross-System,High,Medium,Product Manager,TRC-PRD-1,TRC-TEST-003,Not Started
TRC-PRD-1.3,TRC-PRD-1,Regulatory Compliance Support,Support compliance requirements for financial and transportation regulations,Product Requirements Document,Compliance Review,Draft,2024-01-15,2024-01-15,Cross-System,High,Low,Compliance Officer,TRC-PRD-1,TRC-TEST-004,Not Started
UI-PAY-001,,Customer Registration Form,Customer registration form with fields for company information and contact details,Customer Payment Process Overview Video,UI Testing,Active,2024-01-15,2024-01-15,Payment System,High,Low,Frontend Team,,UI-TEST-001,Not Started
UI-PAY-002,,Customer Profile Dashboard,Main dashboard displaying customer profile information and account status,Customer Payment Process Overview Video,UI Testing,Active,2024-01-15,2024-01-15,Payment System,High,Low,Frontend Team,UI-PAY-001,UI-TEST-002,Not Started
UI-PAY-003,,Payment Method Selection,Interface for selecting and managing multiple payment methods,Customer Payment Process Overview Video,UI Testing,Active,2024-01-15,2024-01-15,Payment System,High,Medium,Frontend Team,UI-PAY-002,UI-TEST-003,Not Started
UI-PAY-004,,Credit Card Input Form,Secure form for entering credit card information with PCI DSS compliance,Customer Payment Process Overview Video,Security Testing,Active,2024-01-15,2024-01-15,Payment System,High,High,Frontend Team,UI-PAY-003,UI-TEST-004,Not Started
UI-PAY-005,,ACH Bank Account Form,Form for entering ACH bank account information for automated payments,Customer Payment Process Overview Video,Security Testing,Active,2024-01-15,2024-01-15,Payment System,High,High,Frontend Team,UI-PAY-003,UI-TEST-005,Not Started
UI-PAY-006,,Payment History Table,Table displaying payment transaction history with filtering and search,Customer Payment Process Overview Video,UI Testing,Active,2024-01-15,2024-01-15,Payment System,Medium,Low,Frontend Team,UI-PAY-002,UI-TEST-006,Not Started
UI-PAY-007,,Payment Status Indicators,Visual indicators showing payment status (pending processing completed failed),Customer Payment Process Overview Video,UI Testing,Active,2024-01-15,2024-01-15,Payment System,Medium,Low,Frontend Team,UI-PAY-006,UI-TEST-007,Not Started
UI-PAY-008,,Automated Payment Setup,Interface for configuring automated recurring payments,Customer Payment Process Overview Video,Integration Testing,Active,2024-01-15,2024-01-15,Payment System,Medium,Medium,Frontend Team,UI-PAY-005,UI-TEST-008,Not Started
UI-PAY-009,,Payment Confirmation Modal,Modal dialog confirming payment details before processing,Customer Payment Process Overview Video,UI Testing,Active,2024-01-15,2024-01-15,Payment System,High,Low,Frontend Team,UI-PAY-004,UI-TEST-009,Not Started
UI-PAY-010,,Payment Receipt Display,Display of payment receipt with transaction details and download option,Customer Payment Process Overview Video,UI Testing,Active,2024-01-15,2024-01-15,Payment System,Medium,Low,Frontend Team,UI-PAY-009,UI-TEST-010,Not Started
UI-LOAD-001,,Load Creation Form,Comprehensive form for creating new load bookings with all required details,Load Booking Video,UI Testing,Active,2024-01-15,2024-01-15,Load Booking System,High,Medium,Frontend Team,,UI-TEST-011,Not Started
UI-LOAD-002,,Load Details Display,Detailed view of load information including pickup delivery and cargo details,Load Booking Video,UI Testing,Active,2024-01-15,2024-01-15,Load Booking System,High,Low,Frontend Team,UI-LOAD-001,UI-TEST-012,Not Started
UI-LOAD-003,,Carrier Selection Interface,Interface for selecting carriers with filtering by location capacity and rating,Load Booking Video,UI Testing,Active,2024-01-15,2024-01-15,Load Booking System,High,Medium,Frontend Team,UI-LOAD-002,UI-TEST-013,Not Started
UI-LOAD-004,,Load Tracking Map,Interactive map showing real-time load location and delivery progress,Load Booking Video,Integration Testing,Active,2024-01-15,2024-01-15,Load Booking System,High,Medium,Frontend Team,UI-LOAD-002,UI-TEST-014,Not Started
UI-LOAD-005,,Load Status Timeline,Timeline view showing load progress through different stages,Load Booking Video,UI Testing,Active,2024-01-15,2024-01-15,Load Booking System,Medium,Low,Frontend Team,UI-LOAD-004,UI-TEST-015,Not Started
UI-LOAD-006,,Carrier Communication Panel,Interface for communicating with assigned carriers,Load Booking Video,Integration Testing,Active,2024-01-15,2024-01-15,Load Booking System,Medium,Medium,Frontend Team,UI-LOAD-003,UI-TEST-016,Not Started
UI-LOAD-007,,Load Search and Filter,Advanced search and filtering interface for finding loads,Load Booking Video,UI Testing,Active,2024-01-15,2024-01-15,Load Booking System,Medium,Low,Frontend Team,UI-LOAD-001,UI-TEST-017,Not Started
UI-LOAD-008,,Load Assignment Dashboard,Dashboard for managing load assignments and carrier matching,Load Booking Video,UI Testing,Active,2024-01-15,2024-01-15,Load Booking System,High,Medium,Frontend Team,UI-LOAD-003,UI-TEST-018,Not Started
UI-LOAD-009,,Delivery Confirmation Interface,Interface for confirming load delivery with proof of delivery upload,Load Booking Video,Integration Testing,Active,2024-01-15,2024-01-15,Load Booking System,High,Medium,Frontend Team,UI-LOAD-004,UI-TEST-019,Not Started
UI-LOAD-010,,Load Performance Metrics,Display of load performance metrics and KPIs,Load Booking Video,UI Testing,Active,2024-01-15,2024-01-15,Load Booking System,Medium,Low,Frontend Team,UI-LOAD-005,UI-TEST-020,Not Started
UI-INV-001,,Invoice Generation Interface,Interface for generating invoices from completed loads,Invoice Processing Video,UI Testing,Active,2024-01-15,2024-01-15,Invoice System,High,Medium,Frontend Team,,UI-TEST-021,Not Started
UI-INV-002,,Invoice Details Form,Detailed form for editing invoice information and line items,Invoice Processing Video,UI Testing,Active,2024-01-15,2024-01-15,Invoice System,High,Low,Frontend Team,UI-INV-001,UI-TEST-022,Not Started
UI-INV-003,,Invoice Approval Workflow,Interface for invoice approval workflow with multiple approval stages,Invoice Processing Video,Integration Testing,Active,2024-01-15,2024-01-15,Invoice System,High,Medium,Frontend Team,UI-INV-002,UI-TEST-023,Not Started
UI-INV-004,,Invoice Status Dashboard,Dashboard showing invoice status and approval progress,Invoice Processing Video,UI Testing,Active,2024-01-15,2024-01-15,Invoice System,Medium,Low,Frontend Team,UI-INV-003,UI-TEST-024,Not Started
UI-INV-005,,Invoice Delivery Options,Interface for selecting invoice delivery methods (email PDF portal),Invoice Processing Video,Integration Testing,Active,2024-01-15,2024-01-15,Invoice System,Medium,Medium,Frontend Team,UI-INV-002,UI-TEST-025,Not Started
UI-INV-006,,Payment Integration Display,Display showing payment status and integration with payment system,Invoice Processing Video,Integration Testing,Active,2024-01-15,2024-01-15,Invoice System,High,High,Frontend Team,UI-INV-004,UI-TEST-026,Not Started
UI-INV-007,,Invoice Search and Filter,Advanced search and filtering for invoice management,Invoice Processing Video,UI Testing,Active,2024-01-15,2024-01-15,Invoice System,Medium,Low,Frontend Team,UI-INV-001,UI-TEST-027,Not Started
UI-INV-008,,Invoice Template Management,Interface for managing invoice templates and customization,Invoice Processing Video,UI Testing,Active,2024-01-15,2024-01-15,Invoice System,Medium,Low,Frontend Team,UI-INV-002,UI-TEST-028,Not Started
UI-INV-009,,Invoice Reporting Dashboard,Dashboard for invoice reporting and analytics,Invoice Processing Video,UI Testing,Active,2024-01-15,2024-01-15,Invoice System,Medium,Low,Frontend Team,UI-INV-004,UI-TEST-029,Not Started
UI-INV-010,,Invoice Dispute Management,Interface for managing invoice disputes and resolutions,Invoice Processing Video,Integration Testing,Active,2024-01-15,2024-01-15,Invoice System,Medium,Medium,Frontend Team,UI-INV-003,UI-TEST-030,Not Started
UI-CARR-001,,Carrier Payment Dashboard,Main dashboard for carrier payment management and overview,Notchify Carrier Payment Video,UI Testing,Active,2024-01-15,2024-01-15,Carrier Payment System,High,Medium,Frontend Team,,UI-TEST-031,Not Started
UI-CARR-002,,Payment Calculation Display,Interface showing automated payment calculations with fee breakdown,Notchify Carrier Payment Video,UI Testing,Active,2024-01-15,2024-01-15,Carrier Payment System,High,Low,Frontend Team,UI-CARR-001,UI-TEST-032,Not Started
UI-CARR-003,,Fee Structure Management,Interface for configuring and managing carrier fee structures,Notchify Carrier Payment Video,UI Testing,Active,2024-01-15,2024-01-15,Carrier Payment System,Medium,Medium,Frontend Team,UI-CARR-002,UI-TEST-033,Not Started
UI-CARR-004,,Carrier Payment Methods,Interface for managing carrier payment methods and preferences,Notchify Carrier Payment Video,UI Testing,Active,2024-01-15,2024-01-15,Carrier Payment System,High,Medium,Frontend Team,UI-CARR-001,UI-TEST-034,Not Started
UI-CARR-005,,Payment Scheduling Interface,Interface for configuring payment schedules and automation,Notchify Carrier Payment Video,Integration Testing,Active,2024-01-15,2024-01-15,Carrier Payment System,Medium,Medium,Frontend Team,UI-CARR-004,UI-TEST-035,Not Started
UI-CARR-006,,Carrier Self-Service Portal,Self-service portal for carriers to view payments and update information,Notchify Carrier Payment Video,UI Testing,Active,2024-01-15,2024-01-15,Carrier Payment System,Medium,Medium,Frontend Team,UI-CARR-001,UI-TEST-036,Not Started
UI-CARR-007,,Payment History and Tracking,Interface for viewing carrier payment history and tracking,Notchify Carrier Payment Video,UI Testing,Active,2024-01-15,2024-01-15,Carrier Payment System,Medium,Low,Frontend Team,UI-CARR-006,UI-TEST-037,Not Started
UI-CARR-008,,Payment Approval Workflow,Interface for payment approval workflow and authorization,Notchify Carrier Payment Video,Integration Testing,Active,2024-01-15,2024-01-15,Carrier Payment System,High,Medium,Frontend Team,UI-CARR-002,UI-TEST-038,Not Started
UI-CARR-009,,Payment Reporting Dashboard,Dashboard for carrier payment reporting and analytics,Notchify Carrier Payment Video,UI Testing,Active,2024-01-15,2024-01-15,Carrier Payment System,Medium,Low,Frontend Team,UI-CARR-007,UI-TEST-039,Not Started
UI-CARR-010,,Multi-Currency Support Interface,Interface for handling multi-currency carrier payments,Notchify Carrier Payment Video,Integration Testing,Active,2024-01-15,2024-01-15,Carrier Payment System,Medium,High,Frontend Team,UI-CARR-004,UI-TEST-040,Not Started
API-AUTH-001,,Authentication Login Endpoint,POST /auth/login endpoint for user authentication with JWT token response,API Specification,API Testing,Active,2024-01-15,2024-01-15,Cross-System,High,High,Backend Team,,API-TEST-001,Not Started
API-AUTH-002,,JWT Token Validation,Bearer token authentication validation for all protected endpoints,API Specification,Security Testing,Active,2024-01-15,2024-01-15,Cross-System,High,High,Backend Team,API-AUTH-001,API-TEST-002,Not Started
API-AUTH-003,,Token Refresh Endpoint,Endpoint for refreshing expired JWT tokens,API Specification,API Testing,Active,2024-01-15,2024-01-15,Cross-System,High,Medium,Backend Team,API-AUTH-001,API-TEST-003,Not Started
API-USER-001,,User List Endpoint,GET /users endpoint with pagination and filtering support,API Specification,API Testing,Active,2024-01-15,2024-01-15,Cross-System,Medium,Low,Backend Team,API-AUTH-002,API-TEST-004,Not Started
API-USER-002,,User Creation Endpoint,POST /users endpoint for creating new user accounts,API Specification,API Testing,Active,2024-01-15,2024-01-15,Cross-System,High,Medium,Backend Team,API-AUTH-002,API-TEST-005,Not Started
API-USER-003,,User Details Endpoint,GET /users/{id} endpoint for retrieving specific user information,API Specification,API Testing,Active,2024-01-15,2024-01-15,Cross-System,Medium,Low,Backend Team,API-AUTH-002,API-TEST-006,Not Started
API-USER-004,,User Update Endpoint,PUT /users/{id} endpoint for updating user information,API Specification,API Testing,Active,2024-01-15,2024-01-15,Cross-System,Medium,Medium,Backend Team,API-AUTH-002,API-TEST-007,Not Started
API-USER-005,,User Deletion Endpoint,DELETE /users/{id} endpoint for soft deleting users,API Specification,API Testing,Active,2024-01-15,2024-01-15,Cross-System,Medium,Medium,Backend Team,API-AUTH-002,API-TEST-008,Not Started
API-WORKFLOW-001,,Workflow List Endpoint,GET /workflows endpoint with pagination and status filtering,API Specification,API Testing,Active,2024-01-15,2024-01-15,Cross-System,High,Low,Backend Team,API-AUTH-002,API-TEST-009,Not Started
API-WORKFLOW-002,,Workflow Creation Endpoint,POST /workflows endpoint for creating new workflows,API Specification,API Testing,Active,2024-01-15,2024-01-15,Cross-System,High,Medium,Backend Team,API-AUTH-002,API-TEST-010,Not Started
API-WORKFLOW-003,,Workflow Details Endpoint,GET /workflows/{id} endpoint for retrieving workflow details,API Specification,API Testing,Active,2024-01-15,2024-01-15,Cross-System,High,Low,Backend Team,API-AUTH-002,API-TEST-011,Not Started
API-WORKFLOW-004,,Workflow Update Endpoint,PUT /workflows/{id} endpoint for updating workflow configuration,API Specification,API Testing,Active,2024-01-15,2024-01-15,Cross-System,High,Medium,Backend Team,API-AUTH-002,API-TEST-012,Not Started
API-WORKFLOW-005,,Workflow Execution Endpoint,POST /workflows/{id}/execute endpoint for triggering workflow execution,API Specification,Integration Testing,Active,2024-01-15,2024-01-15,Cross-System,High,High,Backend Team,API-WORKFLOW-003,API-TEST-013,Not Started
API-PAY-001,,Customer Registration API,POST /customers endpoint for registering new customers,API Specification,API Testing,Active,2024-01-15,2024-01-15,Payment System,High,Medium,Backend Team,API-AUTH-002,API-TEST-014,Not Started
API-PAY-002,,Customer Profile API,GET /customers/{id} endpoint for retrieving customer profile information,API Specification,API Testing,Active,2024-01-15,2024-01-15,Payment System,High,Low,Backend Team,API-AUTH-002,API-TEST-015,Not Started
API-PAY-003,,Payment Method Management API,POST /customers/{id}/payment-methods endpoint for adding payment methods,API Specification,Security Testing,Active,2024-01-15,2024-01-15,Payment System,High,High,Backend Team,API-PAY-002,API-TEST-016,Not Started
API-PAY-004,,Payment Processing API,POST /payments endpoint for processing customer payments,API Specification,Security Testing,Active,2024-01-15,2024-01-15,Payment System,High,High,Backend Team,API-PAY-003,API-TEST-017,Not Started
API-PAY-005,,Payment History API,GET /customers/{id}/payments endpoint for retrieving payment history,API Specification,API Testing,Active,2024-01-15,2024-01-15,Payment System,Medium,Low,Backend Team,API-PAY-002,API-TEST-018,Not Started
API-PAY-006,,Automated Payment Setup API,POST /customers/{id}/auto-payments endpoint for configuring recurring payments,API Specification,Integration Testing,Active,2024-01-15,2024-01-15,Payment System,Medium,Medium,Backend Team,API-PAY-003,API-TEST-019,Not Started
API-LOAD-001,,Load Creation API,POST /loads endpoint for creating new load bookings,API Specification,API Testing,Active,2024-01-15,2024-01-15,Load Booking System,High,Medium,Backend Team,API-AUTH-002,API-TEST-020,Not Started
API-LOAD-002,,Load Details API,GET /loads/{id} endpoint for retrieving load information,API Specification,API Testing,Active,2024-01-15,2024-01-15,Load Booking System,High,Low,Backend Team,API-AUTH-002,API-TEST-021,Not Started
API-LOAD-003,,Load Update API,PUT /loads/{id} endpoint for updating load information,API Specification,API Testing,Active,2024-01-15,2024-01-15,Load Booking System,High,Medium,Backend Team,API-LOAD-002,API-TEST-022,Not Started
API-LOAD-004,,Carrier Assignment API,POST /loads/{id}/assign-carrier endpoint for assigning carriers to loads,API Specification,Integration Testing,Active,2024-01-15,2024-01-15,Load Booking System,High,Medium,Backend Team,API-LOAD-002,API-TEST-023,Not Started
API-LOAD-005,,Load Tracking API,GET /loads/{id}/tracking endpoint for real-time load tracking,API Specification,Integration Testing,Active,2024-01-15,2024-01-15,Load Booking System,High,Medium,Backend Team,API-LOAD-002,API-TEST-024,Not Started
API-LOAD-006,,Load Status Update API,PUT /loads/{id}/status endpoint for updating load status,API Specification,API Testing,Active,2024-01-15,2024-01-15,Load Booking System,High,Low,Backend Team,API-LOAD-002,API-TEST-025,Not Started
API-LOAD-007,,Carrier Search API,GET /carriers endpoint for searching available carriers,API Specification,API Testing,Active,2024-01-15,2024-01-15,Load Booking System,Medium,Low,Backend Team,API-AUTH-002,API-TEST-026,Not Started
API-INV-001,,Invoice Generation API,POST /invoices endpoint for generating invoices from completed loads,API Specification,Integration Testing,Active,2024-01-15,2024-01-15,Invoice System,High,Medium,Backend Team,API-LOAD-002,API-TEST-027,Not Started
API-INV-002,,Invoice Details API,GET /invoices/{id} endpoint for retrieving invoice information,API Specification,API Testing,Active,2024-01-15,2024-01-15,Invoice System,High,Low,Backend Team,API-AUTH-002,API-TEST-028,Not Started
API-INV-003,,Invoice Update API,PUT /invoices/{id} endpoint for updating invoice details,API Specification,API Testing,Active,2024-01-15,2024-01-15,Invoice System,Medium,Medium,Backend Team,API-INV-002,API-TEST-029,Not Started
API-INV-004,,Invoice Approval API,POST /invoices/{id}/approve endpoint for invoice approval workflow,API Specification,Integration Testing,Active,2024-01-15,2024-01-15,Invoice System,High,Medium,Backend Team,API-INV-002,API-TEST-030,Not Started
API-INV-005,,Invoice Delivery API,POST /invoices/{id}/deliver endpoint for sending invoices to customers,API Specification,Integration Testing,Active,2024-01-15,2024-01-15,Invoice System,Medium,Medium,Backend Team,API-INV-002,API-TEST-031,Not Started
API-INV-006,,Invoice Payment Integration API,GET /invoices/{id}/payment-status endpoint for payment status integration,API Specification,Integration Testing,Active,2024-01-15,2024-01-15,Invoice System,High,High,Backend Team,API-PAY-004,API-TEST-032,Not Started
API-CARR-001,,Carrier Payment Calculation API,POST /carrier-payments/calculate endpoint for calculating carrier payments,API Specification,API Testing,Active,2024-01-15,2024-01-15,Carrier Payment System,High,Medium,Backend Team,API-LOAD-005,API-TEST-033,Not Started
API-CARR-002,,Carrier Payment Processing API,POST /carrier-payments endpoint for processing carrier payments,API Specification,Integration Testing,Active,2024-01-15,2024-01-15,Carrier Payment System,High,High,Backend Team,API-CARR-001,API-TEST-034,Not Started
API-CARR-003,,Carrier Payment History API,GET /carriers/{id}/payments endpoint for retrieving carrier payment history,API Specification,API Testing,Active,2024-01-15,2024-01-15,Carrier Payment System,Medium,Low,Backend Team,API-AUTH-002,API-TEST-035,Not Started
API-CARR-004,,Fee Structure Management API,POST /fee-structures endpoint for managing carrier fee structures,API Specification,API Testing,Active,2024-01-15,2024-01-15,Carrier Payment System,Medium,Medium,Backend Team,API-AUTH-002,API-TEST-036,Not Started
API-CARR-005,,Payment Schedule API,POST /carrier-payments/{id}/schedule endpoint for scheduling carrier payments,API Specification,Integration Testing,Active,2024-01-15,2024-01-15,Carrier Payment System,Medium,Medium,Backend Team,API-CARR-002,API-TEST-037,Not StartedAPI-CARR-005,,Payment Schedule API,POST /carrier-payments/{id}/schedule endpoint for scheduling carrier payments,API Specification,Integration Testing,Active,2024-01-15,2024-01-15,Carrier Payment System,Medium,Medium,Backend Team,API-CARR-002,API-TEST-037,Not Started
DB-CORE-001,,UUID Extension Setup,Enable uuid-ossp extension for UUID generation across all database tables,Database Schema,Database Testing,Active,2024-01-15,2024-01-15,Cross-System,High,Low,Database Team,,DB-TEST-001,Not Started
DB-CORE-002,,User Role Enum,Create user_role enum type with admin analyst and user values,Database Schema,Database Testing,Active,2024-01-15,2024-01-15,Cross-System,Medium,Low,Database Team,DB-CORE-001,DB-TEST-002,Not Started
DB-CORE-003,,User Status Enum,Create user_status enum type with active inactive and suspended values,Database Schema,Database Testing,Active,2024-01-15,2024-01-15,Cross-System,Medium,Low,Database Team,DB-CORE-001,DB-TEST-003,Not Started
DB-CORE-004,,Workflow Status Enum,Create workflow_status enum type with draft active and archived values,Database Schema,Database Testing,Active,2024-01-15,2024-01-15,Cross-System,Medium,Low,Database Team,DB-CORE-001,DB-TEST-004,Not Started
DB-USER-001,,Users Table Structure,Create users table with id email username password_hash role status and timestamps,Database Schema,Database Testing,Active,2024-01-15,2024-01-15,Cross-System,High,Medium,Database Team,DB-CORE-002,DB-TEST-005,Not Started
DB-USER-002,,User Email Validation,Implement email format validation constraint on users table,Database Schema,Database Testing,Active,2024-01-15,2024-01-15,Cross-System,High,Medium,Database Team,DB-USER-001,DB-TEST-006,Not Started
DB-USER-003,,User Username Validation,Implement username format validation constraint (3-50 alphanumeric characters),Database Schema,Database Testing,Active,2024-01-15,2024-01-15,Cross-System,Medium,Low,Database Team,DB-USER-001,DB-TEST-007,Not Started
DB-USER-004,,User Email Index,Create index on users email column for fast lookup,Database Schema,Performance Testing,Active,2024-01-15,2024-01-15,Cross-System,Medium,Low,Database Team,DB-USER-001,DB-TEST-008,Not Started
DB-USER-005,,User Username Index,Create index on users username column for fast lookup,Database Schema,Performance Testing,Active,2024-01-15,2024-01-15,Cross-System,Medium,Low,Database Team,DB-USER-001,DB-TEST-009,Not Started
DB-TEMPLATE-001,,Templates Table Structure,Create templates table with id name description and timestamps,Database Schema,Database Testing,Active,2024-01-15,2024-01-15,Cross-System,Medium,Low,Database Team,DB-CORE-001,DB-TEST-010,Not Started
DB-WORKFLOW-001,,Workflows Table Structure,Create workflows table with id name description template_id status created_by and timestamps,Database Schema,Database Testing,Active,2024-01-15,2024-01-15,Cross-System,High,Medium,Database Team,DB-TEMPLATE-001,DB-TEST-011,Not Started
DB-WORKFLOW-002,,Workflow Name Validation,Implement name length validation constraint on workflows table,Database Schema,Database Testing,Active,2024-01-15,2024-01-15,Cross-System,Medium,Low,Database Team,DB-WORKFLOW-001,DB-TEST-012,Not Started
DB-WORKFLOW-003,,Workflow Template Foreign Key,Create foreign key constraint from workflows.template_id to templates.id,Database Schema,Database Testing,Active,2024-01-15,2024-01-15,Cross-System,High,Medium,Database Team,DB-WORKFLOW-001,DB-TEST-013,Not Started
DB-WORKFLOW-004,,Workflow Creator Foreign Key,Create foreign key constraint from workflows.created_by to users.id,Database Schema,Database Testing,Active,2024-01-15,2024-01-15,Cross-System,High,Medium,Database Team,DB-WORKFLOW-001,DB-TEST-014,Not Started
DB-WORKFLOW-005,,Workflow Indexes,Create indexes on template_id created_by and status columns for performance,Database Schema,Performance Testing,Active,2024-01-15,2024-01-15,Cross-System,Medium,Low,Database Team,DB-WORKFLOW-001,DB-TEST-015,Not Started
DB-REPORT-001,,Reports Table Structure,Create reports table with id title description query_definition schedule created_by and timestamps,Database Schema,Database Testing,Active,2024-01-15,2024-01-15,Cross-System,Medium,Medium,Database Team,DB-USER-001,DB-TEST-016,Not Started
DB-REPORT-002,,Report Title Validation,Implement title length validation constraint on reports table,Database Schema,Database Testing,Active,2024-01-15,2024-01-15,Cross-System,Medium,Low,Database Team,DB-REPORT-001,DB-TEST-017,Not Started
DB-REPORT-003,,Report Schedule Validation,Implement CRON expression validation constraint on reports schedule field,Database Schema,Database Testing,Active,2024-01-15,2024-01-15,Cross-System,Medium,Medium,Database Team,DB-REPORT-001,DB-TEST-018,Not Started
DB-REPORT-004,,Report Creator Foreign Key,Create foreign key constraint from reports.created_by to users.id,Database Schema,Database Testing,Active,2024-01-15,2024-01-15,Cross-System,Medium,Medium,Database Team,DB-REPORT-001,DB-TEST-019,Not Started
DB-REPORT-005,,Report Subscriptions Table,Create report_subscriptions junction table for many-to-many relationship,Database Schema,Database Testing,Active,2024-01-15,2024-01-15,Cross-System,Medium,Low,Database Team,DB-REPORT-001,DB-TEST-020,Not Started
DB-TRIGGER-001,,Updated At Trigger Function,Create update_updated_at_column() function for automatic timestamp updates,Database Schema,Database Testing,Active,2024-01-15,2024-01-15,Cross-System,Medium,Low,Database Team,DB-CORE-001,DB-TEST-021,Not Started
DB-TRIGGER-002,,Users Updated At Trigger,Create trigger to automatically update users.updated_at on row changes,Database Schema,Database Testing,Active,2024-01-15,2024-01-15,Cross-System,Medium,Low,Database Team,DB-TRIGGER-001,DB-TEST-022,Not Started
DB-TRIGGER-003,,Workflows Updated At Trigger,Create trigger to automatically update workflows.updated_at on row changes,Database Schema,Database Testing,Active,2024-01-15,2024-01-15,Cross-System,Medium,Low,Database Team,DB-TRIGGER-001,DB-TEST-023,Not Started
DB-TRIGGER-004,,Reports Updated At Trigger,Create trigger to automatically update reports.updated_at on row changes,Database Schema,Database Testing,Active,2024-01-15,2024-01-15,Cross-System,Medium,Low,Database Team,DB-TRIGGER-001,DB-TEST-024,Not Started
DB-SEARCH-001,,Workflows Full Text Search Index,Create GIN index for full-text search on workflows name and description,Database Schema,Performance Testing,Active,2024-01-15,2024-01-15,Cross-System,Medium,Medium,Database Team,DB-WORKFLOW-001,DB-TEST-025,Not Started
DB-SEARCH-002,,Reports Full Text Search Index,Create GIN index for full-text search on reports title and description,Database Schema,Performance Testing,Active,2024-01-15,2024-01-15,Cross-System,Medium,Medium,Database Team,DB-REPORT-001,DB-TEST-026,Not Started
DB-SEED-001,,Sample User Data,Insert sample users with different roles for testing and development,Database Schema,Database Testing,Active,2024-01-15,2024-01-15,Cross-System,Low,Low,Database Team,DB-USER-001,DB-TEST-027,Not Started
DB-SEED-002,,Sample Template Data,Insert sample workflow templates for testing and development,Database Schema,Database Testing,Active,2024-01-15,2024-01-15,Cross-System,Low,Low,Database Team,DB-TEMPLATE-001,DB-TEST-028,Not Started
DB-PERM-001,,Database Permissions,Grant appropriate permissions to app_user role for all tables and sequences,Database Schema,Security Testing,Active,2024-01-15,2024-01-15,Cross-System,High,Medium,Database Team,DB-CORE-001,DB-TEST-029,Not Started
DB-PAY-001,,Customers Table,Create customers table for payment system with company information and contact details,Database Schema,Database Testing,Active,2024-01-15,2024-01-15,Payment System,High,Medium,Database Team,DB-CORE-001,DB-TEST-030,Not Started
DB-PAY-002,,Payment Methods Table,Create payment_methods table for storing customer payment method information,Database Schema,Security Testing,Active,2024-01-15,2024-01-15,Payment System,High,High,Database Team,DB-PAY-001,DB-TEST-031,Not Started
DB-PAY-003,,Payments Table,Create payments table for storing payment transaction records,Database Schema,Database Testing,Active,2024-01-15,2024-01-15,Payment System,High,Medium,Database Team,DB-PAY-001,DB-TEST-032,Not Started
DB-PAY-004,,Payment Status Enum,Create payment_status enum with pending processing completed failed values,Database Schema,Database Testing,Active,2024-01-15,2024-01-15,Payment System,Medium,Low,Database Team,DB-CORE-001,DB-TEST-033,Not Started
DB-PAY-005,,Auto Payments Table,Create auto_payments table for recurring payment configurations,Database Schema,Database Testing,Active,2024-01-15,2024-01-15,Payment System,Medium,Medium,Database Team,DB-PAY-002,DB-TEST-034,Not Started
DB-LOAD-001,,Loads Table,Create loads table for load booking information with pickup delivery and cargo details,Database Schema,Database Testing,Active,2024-01-15,2024-01-15,Load Booking System,High,Medium,Database Team,DB-CORE-001,DB-TEST-035,Not Started
DB-LOAD-002,,Carriers Table,Create carriers table for carrier information and performance tracking,Database Schema,Database Testing,Active,2024-01-15,2024-01-15,Load Booking System,High,Medium,Database Team,DB-CORE-001,DB-TEST-036,Not Started
DB-LOAD-003,,Load Status Enum,Create load_status enum with created assigned in_transit delivered values,Database Schema,Database Testing,Active,2024-01-15,2024-01-15,Load Booking System,Medium,Low,Database Team,DB-CORE-001,DB-TEST-037,Not Started
DB-LOAD-004,,Load Assignments Table,Create load_assignments table for tracking carrier assignments to loads,Database Schema,Database Testing,Active,2024-01-15,2024-01-15,Load Booking System,High,Medium,Database Team,DB-LOAD-001,DB-TEST-038,Not Started
DB-LOAD-005,,Load Tracking Table,Create load_tracking table for real-time location and status updates,Database Schema,Database Testing,Active,2024-01-15,2024-01-15,Load Booking System,High,Medium,Database Team,DB-LOAD-001,DB-TEST-039,Not Started
DB-INV-001,,Invoices Table,Create invoices table for invoice information linked to completed loads,Database Schema,Database Testing,Active,2024-01-15,2024-01-15,Invoice System,High,Medium,Database Team,DB-LOAD-001,DB-TEST-040,Not Started
DB-INV-002,,Invoice Line Items Table,Create invoice_line_items table for detailed billing information,Database Schema,Database Testing,Active,2024-01-15,2024-01-15,Invoice System,High,Low,Database Team,DB-INV-001,DB-TEST-041,Not Started
DB-INV-003,,Invoice Status Enum,Create invoice_status enum with draft pending approved sent paid values,Database Schema,Database Testing,Active,2024-01-15,2024-01-15,Invoice System,Medium,Low,Database Team,DB-CORE-001,DB-TEST-042,Not Started
DB-INV-004,,Invoice Approvals Table,Create invoice_approvals table for tracking approval workflow,Database Schema,Database Testing,Active,2024-01-15,2024-01-15,Invoice System,Medium,Medium,Database Team,DB-INV-001,DB-TEST-043,Not Started
DB-INV-005,,Invoice Templates Table,Create invoice_templates table for customizable invoice layouts,Database Schema,Database Testing,Active,2024-01-15,2024-01-15,Invoice System,Medium,Low,Database Team,DB-CORE-001,DB-TEST-044,Not Started
DB-CARR-001,,Carrier Payments Table,Create carrier_payments table for carrier payment records,Database Schema,Database Testing,Active,2024-01-15,2024-01-15,Carrier Payment System,High,Medium,Database Team,DB-LOAD-002,DB-TEST-045,Not Started
DB-CARR-002,,Fee Structures Table,Create fee_structures table for configurable carrier fee management,Database Schema,Database Testing,Active,2024-01-15,2024-01-15,Carrier Payment System,Medium,Medium,Database Team,DB-CORE-001,DB-TEST-046,Not Started
DB-CARR-003,,Payment Schedules Table,Create payment_schedules table for automated payment scheduling,Database Schema,Database Testing,Active,2024-01-15,2024-01-15,Carrier Payment System,Medium,Medium,Database Team,DB-CARR-001,DB-TEST-047,Not Started
DB-CARR-004,,Carrier Payment Methods Table,Create carrier_payment_methods table for carrier payment preferences,Database Schema,Database Testing,Active,2024-01-15,2024-01-15,Carrier Payment System,Medium,Medium,Database Team,DB-LOAD-002,DB-TEST-048,Not Started
DB-CARR-005,,Multi Currency Support,Add currency fields and exchange rate handling for international payments,Database Schema,Database Testing,Active,2024-01-15,2024-01-15,Carrier Payment System,Medium,High,Database Team,DB-CARR-001,DB-TEST-049,Not StartedDB-CARR-005,,Multi Currency Support,Add currency fields and exchange rate handling for international payments,Database Schema,Database Testing,Active,2024-01-15,2024-01-15,Carrier Payment System,Medium,High,Database Team,DB-CARR-001,DB-TEST-049,Not Started
REACT-PAY-001,,Payment State Management,Implement Redux store slice for payment system state management,React Global Store Specification,Unit Testing,Active,2024-01-15,2024-01-15,Payment System,High,Medium,Frontend Team,UI-PAY-001,REACT-TEST-001,Not Started
REACT-PAY-002,,Customer Profile State,Redux slice for managing customer profile information and status,React Global Store Specification,Unit Testing,Active,2024-01-15,2024-01-15,Payment System,High,Low,Frontend Team,REACT-PAY-001,REACT-TEST-002,Not Started
REACT-PAY-003,,Payment Method State,State management for payment methods with secure data handling,React Global Store Specification,Security Testing,Active,2024-01-15,2024-01-15,Payment System,High,High,Frontend Team,REACT-PAY-002,REACT-TEST-003,Not Started
REACT-PAY-004,,Payment History State,Redux slice for payment transaction history with pagination,React Global Store Specification,Unit Testing,Active,2024-01-15,2024-01-15,Payment System,Medium,Low,Frontend Team,REACT-PAY-001,REACT-TEST-004,Not Started
REACT-LOAD-001,,Load Booking State Management,Redux store slice for load booking system state,React Global Store Specification,Unit Testing,Active,2024-01-15,2024-01-15,Load Booking System,High,Medium,Frontend Team,UI-LOAD-001,REACT-TEST-005,Not Started
REACT-LOAD-002,,Load Details State,State management for load information and tracking data,React Global Store Specification,Unit Testing,Active,2024-01-15,2024-01-15,Load Booking System,High,Low,Frontend Team,REACT-LOAD-001,REACT-TEST-006,Not Started
REACT-LOAD-003,,Carrier Selection State,Redux slice for carrier management and selection logic,React Global Store Specification,Unit Testing,Active,2024-01-15,2024-01-15,Load Booking System,High,Medium,Frontend Team,REACT-LOAD-001,REACT-TEST-007,Not Started
REACT-LOAD-004,,Load Tracking State,Real-time state management for load tracking and location updates,React Global Store Specification,Integration Testing,Active,2024-01-15,2024-01-15,Load Booking System,High,Medium,Frontend Team,REACT-LOAD-002,REACT-TEST-008,Not Started
REACT-INV-001,,Invoice State Management,Redux store slice for invoice system state management,React Global Store Specification,Unit Testing,Active,2024-01-15,2024-01-15,Invoice System,High,Medium,Frontend Team,UI-INV-001,REACT-TEST-009,Not Started
REACT-INV-002,,Invoice Workflow State,State management for invoice approval workflow and status tracking,React Global Store Specification,Integration Testing,Active,2024-01-15,2024-01-15,Invoice System,High,Medium,Frontend Team,REACT-INV-001,REACT-TEST-010,Not Started
REACT-INV-003,,Invoice Template State,Redux slice for invoice template management and customization,React Global Store Specification,Unit Testing,Active,2024-01-15,2024-01-15,Invoice System,Medium,Low,Frontend Team,REACT-INV-001,REACT-TEST-011,Not Started
REACT-CARR-001,,Carrier Payment State Management,Redux store slice for carrier payment system state,React Global Store Specification,Unit Testing,Active,2024-01-15,2024-01-15,Carrier Payment System,High,Medium,Frontend Team,UI-CARR-001,REACT-TEST-012,Not Started
REACT-CARR-002,,Payment Calculation State,State management for carrier payment calculations and fee structures,React Global Store Specification,Unit Testing,Active,2024-01-15,2024-01-15,Carrier Payment System,High,Low,Frontend Team,REACT-CARR-001,REACT-TEST-013,Not Started
REACT-CARR-003,,Payment Schedule State,Redux slice for payment scheduling and automation logic,React Global Store Specification,Integration Testing,Active,2024-01-15,2024-01-15,Carrier Payment System,Medium,Medium,Frontend Team,REACT-CARR-001,REACT-TEST-014,Not Started
SEC-AUTH-001,,Multi-Factor Authentication,Implement MFA for administrative users and sensitive operations,Security Requirements,Security Testing,Active,2024-01-15,2024-01-15,Cross-System,High,High,Security Team,API-AUTH-001,SEC-TEST-001,Not Started
SEC-AUTH-002,,Session Management,Secure session handling with timeout and concurrent session limits,Security Requirements,Security Testing,Active,2024-01-15,2024-01-15,Cross-System,High,High,Security Team,API-AUTH-002,SEC-TEST-002,Not Started
SEC-AUTH-003,,Password Policy,Enforce strong password requirements and rotation policies,Security Requirements,Security Testing,Active,2024-01-15,2024-01-15,Cross-System,High,Medium,Security Team,DB-USER-002,SEC-TEST-003,Not Started
SEC-DATA-001,,Data Encryption at Rest,Encrypt sensitive data in database using AES-256 encryption,Security Requirements,Security Testing,Active,2024-01-15,2024-01-15,Cross-System,High,High,Security Team,DB-PAY-002,SEC-TEST-004,Not Started
SEC-DATA-002,,Data Encryption in Transit,Enforce HTTPS/TLS 1.3 for all API communications,Security Requirements,Security Testing,Active,2024-01-15,2024-01-15,Cross-System,High,High,Security Team,API-AUTH-001,SEC-TEST-005,Not Started
SEC-DATA-003,,PCI DSS Compliance,Implement PCI DSS requirements for payment card data handling,Security Requirements,Compliance Testing,Active,2024-01-15,2024-01-15,Payment System,High,High,Security Team,DB-PAY-002,SEC-TEST-006,Not Started
SEC-DATA-004,,Data Backup Encryption,Encrypt all backup data with separate encryption keys,Security Requirements,Security Testing,Active,2024-01-15,2024-01-15,Cross-System,High,Medium,Security Team,SEC-DATA-001,SEC-TEST-007,Not Started
SEC-ACCESS-001,,Role-Based Access Control,Implement granular RBAC with principle of least privilege,Security Requirements,Security Testing,Active,2024-01-15,2024-01-15,Cross-System,High,Medium,Security Team,API-USER-001,SEC-TEST-008,Not Started
SEC-ACCESS-002,,API Rate Limiting,Implement rate limiting to prevent API abuse and DDoS attacks,Security Requirements,Performance Testing,Active,2024-01-15,2024-01-15,Cross-System,High,Medium,Security Team,API-AUTH-001,SEC-TEST-009,Not Started
SEC-ACCESS-003,,Input Validation and Sanitization,Comprehensive input validation to prevent injection attacks,Security Requirements,Security Testing,Active,2024-01-15,2024-01-15,Cross-System,High,High,Security Team,API-USER-002,SEC-TEST-010,Not Started
SEC-AUDIT-001,,Comprehensive Audit Logging,Log all security-relevant events with tamper-proof storage,Security Requirements,Security Testing,Active,2024-01-15,2024-01-15,Cross-System,High,Medium,Security Team,DB-CORE-001,SEC-TEST-011,Not Started
SEC-AUDIT-002,,Security Monitoring,Real-time monitoring and alerting for security events,Security Requirements,Security Testing,Active,2024-01-15,2024-01-15,Cross-System,High,Medium,Security Team,SEC-AUDIT-001,SEC-TEST-012,Not Started
PERF-API-001,,API Response Time Requirements,All API endpoints must respond within 500ms for 95th percentile,Performance Requirements,Performance Testing,Active,2024-01-15,2024-01-15,Cross-System,High,Medium,Performance Team,API-AUTH-001,PERF-TEST-001,Not Started
PERF-API-002,,Database Query Optimization,Optimize database queries to execute within 100ms average,Performance Requirements,Performance Testing,Active,2024-01-15,2024-01-15,Cross-System,High,Medium,Performance Team,DB-CORE-001,PERF-TEST-002,Not Started
PERF-UI-001,,Frontend Load Time,Initial page load must complete within 2 seconds,Performance Requirements,Performance Testing,Active,2024-01-15,2024-01-15,Cross-System,High,Medium,Performance Team,UI-PAY-001,PERF-TEST-003,Not Started
PERF-UI-002,,State Update Performance,Redux state updates must complete within 100ms,Performance Requirements,Performance Testing,Active,2024-01-15,2024-01-15,Cross-System,Medium,Low,Performance Team,REACT-PAY-001,PERF-TEST-004,Not Started
PERF-SCALE-001,,Concurrent User Support,System must support 1000 concurrent users without degradation,Performance Requirements,Load Testing,Active,2024-01-15,2024-01-15,Cross-System,High,High,Performance Team,PERF-API-001,PERF-TEST-005,Not Started
PERF-SCALE-002,,Database Connection Pooling,Implement efficient database connection pooling for scalability,Performance Requirements,Performance Testing,Active,2024-01-15,2024-01-15,Cross-System,High,Medium,Performance Team,DB-CORE-001,PERF-TEST-006,Not Started
INT-PAY-LOAD-001,,Payment to Load Integration,Real-time integration between payment system and load booking,Integration Requirements,Integration Testing,Active,2024-01-15,2024-01-15,Cross-System,High,High,Integration Team,API-PAY-001,INT-TEST-001,Not Started
INT-LOAD-INV-001,,Load to Invoice Integration,Automatic invoice generation upon load completion,Integration Requirements,Integration Testing,Active,2024-01-15,2024-01-15,Cross-System,High,High,Integration Team,API-LOAD-006,INT-TEST-002,Not Started
INT-LOAD-CARR-001,,Load to Carrier Payment Integration,Automatic carrier payment calculation upon load delivery,Integration Requirements,Integration Testing,Active,2024-01-15,2024-01-15,Cross-System,High,High,Integration Team,API-LOAD-006,INT-TEST-003,Not Started
INT-INV-PAY-001,,Invoice to Payment Integration,Real-time payment status updates for invoices,Integration Requirements,Integration Testing,Active,2024-01-15,2024-01-15,Cross-System,High,High,Integration Team,API-INV-006,INT-TEST-004,Not Started
INT-EVENT-001,,Event-Driven Architecture,Implement event bus for cross-system communication,Integration Requirements,Integration Testing,Active,2024-01-15,2024-01-15,Cross-System,High,High,Integration Team,API-AUTH-001,INT-TEST-005,Not Started
INT-EVENT-002,,Load Status Events,Publish load status change events to all interested systems,Integration Requirements,Integration Testing,Active,2024-01-15,2024-01-15,Cross-System,High,Medium,Integration Team,INT-EVENT-001,INT-TEST-006,Not Started
INT-EVENT-003,,Payment Events,Publish payment completion events for invoice and reporting systems,Integration Requirements,Integration Testing,Active,2024-01-15,2024-01-15,Cross-System,High,Medium,Integration Team,INT-EVENT-001,INT-TEST-007,Not Started
INT-EVENT-004,,Invoice Events,Publish invoice approval and delivery events,Integration Requirements,Integration Testing,Active,2024-01-15,2024-01-15,Cross-System,Medium,Medium,Integration Team,INT-EVENT-001,INT-TEST-008,Not Started
COMP-PCI-001,,PCI DSS Level 1 Compliance,Achieve and maintain PCI DSS Level 1 compliance for payment processing,Compliance Requirements,Compliance Testing,Active,2024-01-15,2024-01-15,Payment System,High,High,Compliance Team,SEC-DATA-003,COMP-TEST-001,Not Started
COMP-SOX-001,,SOX Compliance Controls,Implement SOX compliance controls for financial reporting,Compliance Requirements,Compliance Testing,Active,2024-01-15,2024-01-15,Invoice System,High,High,Compliance Team,SEC-AUDIT-001,COMP-TEST-002,Not Started
COMP-DOT-001,,DOT Compliance Requirements,Ensure compliance with Department of Transportation regulations,Compliance Requirements,Compliance Testing,Active,2024-01-15,2024-01-15,Load Booking System,High,High,Compliance Team,DB-LOAD-001,COMP-TEST-003,Not Started
COMP-FMCSA-001,,FMCSA Compliance Requirements,Comply with Federal Motor Carrier Safety Administration regulations,Compliance Requirements,Compliance Testing,Active,2024-01-15,2024-01-15,Load Booking System,High,High,Compliance Team,DB-LOAD-002,COMP-TEST-004,Not Started
COMP-GDPR-001,,GDPR Data Protection,Implement GDPR compliance for data protection and privacy,Compliance Requirements,Compliance Testing,Active,2024-01-15,2024-01-15,Cross-System,High,Medium,Compliance Team,SEC-DATA-001,COMP-TEST-005,Not Started
TEST-UNIT-001,,Unit Test Coverage,Achieve 90% unit test coverage across all code modules,Test Requirements,Unit Testing,Active,2024-01-15,2024-01-15,Cross-System,High,Medium,QA Team,API-AUTH-001,TEST-UNIT-001,Not Started
TEST-INT-001,,Integration Test Suite,Comprehensive integration tests for all system interfaces,Test Requirements,Integration Testing,Active,2024-01-15,2024-01-15,Cross-System,High,High,QA Team,INT-EVENT-001,TEST-INT-001,Not Started
TEST-E2E-001,,End-to-End Test Scenarios,Complete end-to-end test scenarios for all business workflows,Test Requirements,E2E Testing,Active,2024-01-15,2024-01-15,Cross-System,High,High,QA Team,UI-PAY-001,TEST-E2E-001,Not Started
TEST-PERF-001,,Performance Test Suite,Automated performance testing for all critical system components,Test Requirements,Performance Testing,Active,2024-01-15,2024-01-15,Cross-System,High,Medium,QA Team,PERF-API-001,TEST-PERF-001,Not Started
TEST-SEC-001,,Security Test Suite,Comprehensive security testing including penetration testing,Test Requirements,Security Testing,Active,2024-01-15,2024-01-15,Cross-System,High,High,QA Team,SEC-AUTH-001,TEST-SEC-001,Not Started
TEST-LOAD-001,,Load Testing Suite,Load testing to validate system performance under stress,Test Requirements,Load Testing,Active,2024-01-15,2024-01-15,Cross-System,High,High,QA Team,PERF-SCALE-001,TEST-LOAD-001,Not Started
TEST-COMP-001,,Compliance Test Suite,Automated testing for all compliance requirements,Test Requirements,Compliance Testing,Active,2024-01-15,2024-01-15,Cross-System,High,High,QA Team,COMP-PCI-001,TEST-COMP-001,Not Started
DEPLOY-ENV-001,,Development Environment,Complete development environment setup with all dependencies,Deployment Requirements,Environment Testing,Active,2024-01-15,2024-01-15,Cross-System,High,Medium,DevOps Team,DB-CORE-001,DEPLOY-TEST-001,Not Started
DEPLOY-ENV-002,,Staging Environment,Production-like staging environment for pre-deployment testing,Deployment Requirements,Environment Testing,Active,2024-01-15,2024-01-15,Cross-System,High,Medium,DevOps Team,DEPLOY-ENV-001,DEPLOY-TEST-002,Not Started
DEPLOY-ENV-003,,Production Environment,Highly available production environment with redundancy,Deployment Requirements,Environment Testing,Active,2024-01-15,2024-01-15,Cross-System,High,High,DevOps Team,DEPLOY-ENV-002,DEPLOY-TEST-003,Not Started
DEPLOY-CI-001,,Continuous Integration Pipeline,Automated CI pipeline with build test and quality gates,Deployment Requirements,Pipeline Testing,Active,2024-01-15,2024-01-15,Cross-System,High,Medium,DevOps Team,TEST-UNIT-001,DEPLOY-TEST-004,Not Started
DEPLOY-CD-001,,Continuous Deployment Pipeline,Automated deployment pipeline with rollback capabilities,Deployment Requirements,Pipeline Testing,Active,2024-01-15,2024-01-15,Cross-System,High,High,DevOps Team,DEPLOY-CI-001,DEPLOY-TEST-005,Not Started
DEPLOY-MON-001,,Application Monitoring,Comprehensive application monitoring and alerting system,Deployment Requirements,Monitoring Testing,Active,2024-01-15,2024-01-15,Cross-System,High,Medium,DevOps Team,DEPLOY-ENV-003,DEPLOY-TEST-006,Not Started
DEPLOY-LOG-001,,Centralized Logging,Centralized logging system for all application components,Deployment Requirements,Logging Testing,Active,2024-01-15,2024-01-15,Cross-System,High,Medium,DevOps Team,SEC-AUDIT-001,DEPLOY-TEST-007,Not Started
DEPLOY-BACKUP-001,,Automated Backup System,Automated backup and recovery system for all critical data,Deployment Requirements,Backup Testing,Active,2024-01-15,2024-01-15,Cross-System,High,High,DevOps Team,SEC-DATA-004,DEPLOY-TEST-008,Not Started